<aa-config>
    <seeui>
        <resources-auth-types>
	   <!--autenticacion perfil funcionario capa ui(SeeUi)-->
            <resources-auth-type>
                <path>/seeui/see/intranet/*</path>
                <user-app>true</user-app>
                <authentication-type>AUTFP</authentication-type>
                <profiles>
                    <!--<profile>AUTNON</profile>-->
                    <profile>14300</profile>
		    <profile>14301</profile>
		    <profile>14302</profile>
		    <profile>14303</profile>
                </profiles>
                <representations>
                    <representation>AUTNON</representation>
                </representations>
            </resources-auth-type>
			<resources-auth-type>
                <path>/seeui/services/data/intranet/*</path>
                <user-app>false</user-app>
                <authentication-type>AUTANY</authentication-type>
                <profiles>
                    <!--<profile>AUTNON</profile>-->
                    <profile>14300</profile>
					<profile>14301</profile>
					<profile>14302</profile>
					<profile>14303</profile>
                </profiles>
                <representations>
                    <representation>AUTNON</representation>
                </representations>
            </resources-auth-type>
			<resources-auth-type>
                <path>/seeui/services/data/internet/*</path>
                <user-app>false</user-app>
                <authentication-type>AUTANY</authentication-type>
                <profiles>
                   <profile>AUTNON</profile>
                </profiles>
                <representations>
                    <representation>AUTNON</representation>
                </representations>
            </resources-auth-type>
	    <!--autenticacion perfil contribuyente capa ui(SeeUi)-->
	    <resources-auth-type>
                <path>/seeui/app/see/internet/*</path>
                <user-app>true</user-app>
                <authentication-type>AUTCP</authentication-type>
                <profiles>
                    <profile>AUTNON</profile>
                </profiles>
                <representations>
                    <representation>AUTNON;#SEE</representation>
                </representations>
            </resources-auth-type>
	    <!--autenticacion perfil default Perfil-->  
            <default-auth-type>
                <user-app>true</user-app>
                <authentication-type>AUTANY</authentication-type>
                <profiles>
                    <profile>AUTNON</profile>
                </profiles>
                <representations>
                    <representation>AUTNON</representation>
                </representations>
            </default-auth-type>
        </resources-auth-types>
    </seeui>
</aa-config>