<aa-config>
	<adminpkiui>
		<resources-auth-types>

			<!--  cualquiera puede entrar -->
			<!--resources-auth-type>
				<path>/adminpkiui/*</path>
				<user-app>false</user-app>
				<authentication-type>AUTNON</authentication-type>
				<profiles>
					<profile>AUTNON</profile>
				</profiles>
				<representations>
					<representation>AUTNON</representation>
				</representations>
			</resources-auth-type-->

		
			<!--  acceso a los servicios por parte de cualquiera  -->
			<resources-auth-type>
				<path>/adminpkiui/services/*</path>
				<user-app>false</user-app>
				<authentication-type>AUTANY</authentication-type>
				<profiles>
					<profile>AUTNON</profile>
				</profiles>
				<representations>
					<representation>AUTNON</representation>
				</representations>
			</resources-auth-type>


	        <!--autenticacion perfil contribuyente capa ui-->
	    	<resources-auth-type>
                <path>/adminpkiui/internet/*</path>
                <user-app>true</user-app>
                <authentication-type>AUTCP</authentication-type>
                <profiles>
                    <profile>AUTNON</profile>
                </profiles>
                <representations>
                    <representation>AUTNON</representation>
                </representations>
            </resources-auth-type>


            <resources-auth-type>
                <path>/adminpkiui/*</path>
                <user-app>true</user-app>
                <authentication-type>AUTFP</authentication-type>
                <profiles>                    
                   <profile>AUTNON</profile>
                </profiles>
                <representations>
                    <representation>AUTNON</representation>
                </representations>
            </resources-auth-type>


			<default-auth-type>
				<user-app>true</user-app>
				<authentication-type>AUTNON</authentication-type>
				<profiles>
					<profile>AUTNON</profile>
				</profiles>
				<representations>
					<representation>AUTNON</representation>
				</representations>
			</default-auth-type>
			
						
		</resources-auth-types>
	</adminpkiui>
</aa-config>