<aa-config>
    <arpeui>
        <resources-auth-types>	
            <resources-auth-type>
                <path>/perfilui/*</path>
                <user-app>true</user-app>
                <authentication-type>AUTFP</authentication-type>
                <profiles>
                    <profile>AUTNON</profile>
                </profiles>
                <representations>
                    <representation>AUTNON</representation>
                </representations>
            </resources-auth-type>
            <default-auth-type>
                <user-app>true</user-app>
                <authentication-type>AUTFP</authentication-type>
                <profiles>
                    <profile>AUTNON</profile>
                </profiles>
                <representations>
                    <representation>AUTNON</representation>
                </representations>
            </default-auth-type>
        </resources-auth-types>            
    </arpeui>
</aa-config>