<aa-config>
    <sistemaformaciondata>
        <resources-auth-types>
            <resources-auth-type>
                <path>/sistemaformaciondata/services/*</path>
                <user-app>false</user-app>
                <authentication-type>AUTNON</authentication-type>
                <profiles>
                    <profile>AUTNON</profile>
                </profiles>
                <representations>
                    <representation>AUTNON</representation>
                </representations>
            </resources-auth-type>
            
	    	<!--resources-auth-type>
                <path>/sample5data/services/intranet/*</path>
                <user-app>false</user-app>
                <authentication-type>AUTANY</authentication-type>
                <profiles>
                    <profile>14300</profile>
					<profile>14301</profile>
					<profile>14302</profile>
					<profile>14303</profile>
                </profiles>
                <representations>
                    <representation>AUTNON</representation>
                </representations>
            </resources-auth-type-->            
            		
            <default-auth-type>
                <user-app>false</user-app>
                <authentication-type>AUTNON</authentication-type>
                <profiles>
                    <profile>AUTNON</profile>
                </profiles>
                <representations>
                    <representation>AUTNON</representation>
                </representations>
            </default-auth-type>
            
			<!--resources-auth-type>
                <path>/sample5data/services/internet/*</path>
                <user-app>false</user-app>
                <authentication-type>AUTANY</authentication-type>
                <profiles>
                   <profile>AUTNON</profile>
                </profiles>
                <representations>
                    <representation>AUTNON</representation>
                </representations>
            </resources-auth-type>
			<resources-auth-type>
                <path>/sample5data/services/osb/*</path>
                <user-app>false</user-app>
                <authentication-type>AUTNON</authentication-type>
                <profiles>
                   <profile>AUTNON</profile>
                </profiles>
                <representations>
                    <representation>AUTNON</representation>
                </representations>
            </resources-auth-type>
            <resources-auth-type>
                <path>/sample5data/services/event/*</path>
                <user-app>false</user-app>
                <authentication-type>AUTNON</authentication-type>
                <profiles>
                   <profile>AUTNON</profile>
                </profiles>
                <representations>
                    <representation>AUTNON</representation>
                </representations>
            </resources-auth-type>
			  
            <default-auth-type>
                <user-app>true</user-app>
                <authentication-type>AUTANY</authentication-type>
                <profiles>
                    <profile>AUTANY</profile>
                </profiles>
                <representations>
                    <representation>AUTANY</representation>
                </representations>
            </default-auth-type-->            
            
        </resources-auth-types>            
    </sistemaformaciondata>
</aa-config>