<aa-config>
    <seedata>
       <resources-auth-types>
	    	<resources-auth-type>
                <path>/seedata/services/intranet/*</path>
                <user-app>false</user-app>
                <authentication-type>AUTANY</authentication-type>
                <profiles>
                    <!--<profile>AUTNON</profile>-->
                    <profile>14300</profile>
					<profile>14301</profile>
					<profile>14302</profile>
					<profile>14303</profile>
                </profiles>
                <representations>
                    <representation>AUTNON</representation>
                </representations>
            </resources-auth-type>
			<resources-auth-type>
                <path>/seedata/services/internet/*</path>
                <user-app>false</user-app>
                <authentication-type>AUTANY</authentication-type>
                <profiles>
                   <profile>AUTNON</profile>
                </profiles>
                <representations>
                    <representation>AUTNON</representation>
                </representations>
            </resources-auth-type>
			<resources-auth-type>
                <path>/seedata/services/osb/*</path>
                <user-app>false</user-app>
                <authentication-type>AUTNON</authentication-type>
                <profiles>
                   <profile>AUTNON</profile>
                </profiles>
                <representations>
                    <representation>AUTNON</representation>
                </representations>
            </resources-auth-type>
            <resources-auth-type>
                <path>/seedata/services/event/*</path>
                <user-app>false</user-app>
                <authentication-type>AUTNON</authentication-type>
                <profiles>
                   <profile>AUTNON</profile>
                </profiles>
                <representations>
                    <representation>AUTNON</representation>
                </representations>
            </resources-auth-type>
			<!--autenticacion perfil default Perfil-->  
            <default-auth-type>
                <user-app>true</user-app>
                <authentication-type>AUTANY</authentication-type>
                <profiles>
                    <profile>AUTANY</profile>
                </profiles>
                <representations>
                    <representation>AUTANY</representation>
                </representations>
            </default-auth-type>
        </resources-auth-types>
    </seedata>
</aa-config>