<aa-config>
    <arpedata>
        <resources-auth-types>
            <resources-auth-type>
                <path>/perfildata/services/*</path>
                <user-app>false</user-app>
                <authentication-type>AUTFP</authentication-type>
                <profiles>
                    <profile>AUTNON</profile>
                </profiles>
                <representations>
                    <representation>AUTNON</representation>
                </representations>
            </resources-auth-type>		
            <default-auth-type>
                <user-app>false</user-app>
                <authentication-type>AUTFP</authentication-type>
                <profiles>
                    <profile>AUTNON</profile>
                </profiles>
                <representations>
                    <representation>AUTNON</representation>
                </representations>
            </default-auth-type>
        </resources-auth-types>            
    </arpedata>
</aa-config>