<aa-config>
    <arpeui>
        <resources-auth-types>
            <resources-auth-type>
                <path>/arpeui/*</path>
                <user-app>true</user-app>
                <authentication-type>AUTNON</authentication-type>
                <profiles>
                    <profile>AUTNON</profile>
                </profiles>
                <representations>
                    <representation>AUTNON</representation>
                </representations>
            </resources-auth-type>
            <default-auth-type>
                <user-app>true</user-app>
                <authentication-type>AUTNON</authentication-type>
                <profiles>
                    <profile>AUTNON</profile>
                </profiles>
                <representations>
                    <representation>AUTNON</representation>
                </representations>
            </default-auth-type>
	</resources-auth-types>
    </arpeui>
</aa-config>
